"","MEs.TCx_M01","MEs.TCx_M02","MEs.TCx_M03","MEs.TCx_M04","MEs.TCx_M05","MEs.TCx_M06","MEs.TCx_M07","MEs.TCx_M08","MEs.TCx_M09","MEs.TCx_M10","MEs.TCx_M11","MEs.TCx_M12","MEs.TCx_M13","MEs.TCx_M14","MEs.TCx_M15","MEs.TCx_M16","MEs.TCx_M17","MEs.TCx_M18","MEs.TCx_M19","MEs.TCx_M20"
"496100279",0.0391836278711609,0.0343434919140916,0.0212581635147619,-0.00826411452201928,-0.0719084744343465,0.159457861543271,0.0531017423836478,0.023666462387309,0.0828964903213774,0.0174038034765187,0.00790445087817775,-0.0686088750813451,-0.00580264278965526,-0.0293954534428673,-0.0327289088289599,-0.0132151908050763,-0.0673257585059925,0.117262673948447,0.0686747218707024,0.0896865454446136
"496100285",0.0659224372076311,0.0386354740016291,0.0506156183379558,0.0716751528549634,-0.103683530550634,0.0627702472028964,0.0400444386239184,0.0508057707150452,0.0797627594128495,-0.0481873438059819,0.0319881234052872,-0.0550314517222118,-0.0424656898980599,-0.0292145375940314,0.0437275258361921,-0.087149453511062,-0.0876592545791163,-0.0347366960763501,0.0388172438452336,-0.024488069735178
"496100287",-0.00692939721082886,-0.0256168546404816,-0.0744076089337831,-0.108329147761906,0.0409279359956538,0.193293941076577,0.0520712281092739,-0.0390222533381989,0.0756091762591862,0.109104161355743,-0.0215529536651184,-0.0468370518524828,0.00329844635235688,-0.0239240019944773,-0.185946218708492,0.0352290542157296,-0.102892599849115,0.079337168665751,0.0534123536182797,0.0860542520097715
"496100291",-0.104217620853971,-0.0895431394765347,-0.136258746732692,-0.101940978274618,0.0811451397361087,0.147423887661502,0.0619809812549429,-0.0809581136038497,0.0796731334009394,-0.0441260286778436,-0.00194836910902712,0.432437560244928,0.0113363991114949,-0.0492027624264047,0.0232619682525646,0.110849905019063,0.143072495450138,0.0383310920447123,0.0565225931513991,0.0161173495028446
"496100310",0.0230837322617595,0.00381441220278364,-0.0233648849737058,0.0248528533077225,0.0795234998161372,0.101938756059914,0.0519786985970421,-0.00715245077739172,-0.129066857630786,0.0476732593726199,-0.0336265075593971,-0.0369446940461203,-0.0381417685798465,-0.0422781271209128,-0.00975695441025849,-0.0355765949487198,-0.0436657388111687,-0.0395173815054876,-0.032761493626799,-0.01900846241481
"496100295",-0.0817819502225649,-0.0262610905925995,-0.126407036024869,-0.174160683381349,0.0166928646356144,0.12070106678337,0.0470822855902649,-0.118119822826827,0.0815440268350948,0.0210369653662573,-0.118520368957708,0.0105897806181156,0.0530324634117406,-0.0750657775318332,-0.0417450812613408,0.0967671351784062,0.0382837064727236,-0.00390370102956579,-0.0477142839055785,0.00294289290989804
"496100301",0.0365992647107152,0.0539523542660742,-0.0367224696786385,-0.0292168172230569,-0.0864472619847497,0.123905448862217,0.094005951891209,-0.0485323506053181,0.0929612535235988,-0.0649637427650447,-0.00650220538014168,0.123785933471484,0.0193418090295578,0.0498050752682462,0.00307665196624449,-0.0151774795854717,-0.0178976288991078,-0.114977840062249,-0.119577293786447,-0.0269065667942708
"496100331",0.0841452799761491,-0.0202222350181588,0.100941204248036,-0.00273511386056007,0.0216901282216754,-0.27007864351779,0.0302092329069379,0.111693740847957,0.0835344017695665,0.147118372959657,-0.0218493366509929,-0.0725459964517543,-0.109866479949406,0.0589802916852124,-0.161837995369087,-0.0432330224731507,-0.0427763669586354,0.0387419453529522,-0.171453625702753,0.0811338629651804
"496100340",-0.221485167352525,-0.396511719414919,-0.0431762422170243,-0.0278130583275347,0.0469172295422169,0.0339940886290461,0.0756380529481509,0.00370992844167023,0.0797046070441159,0.123369412211476,-0.0237693564505933,0.00141501122551121,-0.149234807781578,-0.0151485914791389,-0.0944945170738681,0.0154883725447582,0.18853800075393,0.050052142008811,0.108608461599571,0.13585666570733
"496100343",0.0132249522821474,0.0672584630877758,0.00684756489627655,-0.040296938106704,0.0917138221782724,-0.167657245751348,0.0514266496009418,-0.0278509066671493,-0.122201551817217,-0.0403796758462628,0.0252314884149674,-0.0222117856689777,0.0213830737042424,0.258913427581562,0.0586972033434505,-0.0232395077702534,0.0374910446589681,0.0917739915145089,-0.0422510898734764,-0.128731142410287
"496100328",-0.00354098297580031,-0.00200088143151925,0.0148392878729789,0.0460146476141264,0.0484176010002246,0.0083084383155628,0.0715626646091815,0.0239364525813014,0.0155362997365254,0.0176269729410593,-0.0133437446499335,0.00695967733949281,-0.0654485854824236,0.404900851240467,0.0740698083376472,-0.0225712748274221,0.0815835980189379,0.156683789968774,0.0435314050468176,-0.0604320850096508
"496100336",0.0469136127193773,-0.191942285076464,-0.0614171088731071,0.0374507303711389,0.0722174048450967,-0.0718559079296896,0.0856690451712307,0.114309318147375,0.0938599147690128,-0.0241855599178863,0.0406736254826168,-0.0457380997238502,-0.300950105558603,0.0156130256055132,0.134365495542991,-0.165438507819215,0.0421487355130129,-0.01881857148683,0.0114550504681613,0.103296476791625
"496100326",0.0647596112238832,0.0293410312294741,0.000310321349817049,-0.0472494671286028,0.0609757140909401,-0.0879737744364048,0.0399813702141431,0.0172517342010495,0.0845526280718861,0.0106315947547099,-0.0563603977859631,-0.0866268213753504,0.0113625388949363,0.0765751425210466,-0.0350242387925904,-0.0297136118143158,-0.0432148470720801,-0.161987427169561,-0.0207281517863494,-0.152792099471876
"496100341",-0.0936317026434892,-0.137604823976727,-0.198120848997618,-0.108293551807014,-0.0182984643619361,-0.211217003093403,0.0748192454980817,-0.0588205482860637,0.0822126131064385,-0.0913443955349266,0.0923461063586958,0.0150894916625619,-0.0962823341543429,-0.0811288808214052,0.147399173304083,0.0382106952518247,0.197827534964475,0.174471898956938,0.125149006355251,0.279611582215642
"496100316",0.15455796477752,-0.130463552027971,0.21003126079713,0.303188389800116,-0.00498287733313574,-0.14938699990464,0.00873002894461291,0.208719429975742,0.0695823758128481,-0.0605184908202244,0.0250092209539909,-0.0593026356320237,-0.36099531580119,0.16022506429199,0.0176475193476513,-0.282842393537724,-0.162877353416774,-0.193805144915182,-0.151142078819061,-0.100396574640628
"496100348",0.0766317715755416,-0.00880053156790804,0.0952943209685554,0.0127077817516369,-0.0581915695550161,-0.0836336604472443,-0.0031055772712301,0.115741632400432,0.0802604288015696,0.116840618021526,0.669134762563742,-0.0982017756624107,-0.0653815151476454,-0.0807402272419212,-0.178972174066656,-0.0264674310705133,-0.0670791506925767,0.0604816019055332,-0.128138467513683,-0.0214236346299531
"496100363",-0.00421649253146696,-0.085866726898926,-0.0529169005761434,-0.0948236771810691,-0.0722718479575147,-0.131925447643463,0.0478215921784696,0.0428621873570462,-0.128993878699931,0.0953820948862225,-0.0444328093079753,0.153505575800937,-0.0559779279483783,-0.0534345535853247,0.00100495631705769,-0.049853450494727,-0.0166916895151561,-0.0347318512209746,-0.14766701291857,0.0137285703360113
"496100357",0.0602226605860087,-0.0750140933268328,0.12988932157796,-0.0101685053928133,0.0489892193251838,-0.195252543976655,0.0262429402583375,0.147469572177827,-0.13101256575138,0.0961706023195212,0.0204309601773996,0.388866577591242,-0.115874434225319,-0.0760466769636827,-0.133403401227874,0.0150158783959968,0.0547050173682965,0.00706327698464176,-0.044520274340236,-0.0332326960927669
"496100378",-0.0803356231236485,-0.140686789208422,-0.036149512475939,-0.191090695080813,-0.0145537667447062,-0.127728353304227,0.0696562196280827,-0.0186626587400553,0.105702833906467,0.125654286469984,0.0187614350005645,0.0921753469650769,-0.0477952544837889,-0.0520003361528073,-0.135486368613042,0.0681102003663384,0.0293608200898671,-0.0551966803618957,0.112548331724752,0.0405760247644898
"496100379",-0.0202442147216846,-0.0115095729090306,-0.0780852685331188,-0.190524216335252,-0.00160327402708263,-0.150362839969842,0.0912112377097534,-0.0357227550592306,0.0877805703537662,0.0394886371064327,-0.0099994193945104,0.245539466871868,-0.000386479828999949,-0.087052145396968,0.012871380603942,0.0453314854871154,0.0264779410265496,0.105081863003881,0.101511765674254,-0.0153205399701719
"496100371",0.039269422982176,0.0247639475605741,0.0549769883917169,-0.0582437775605824,-0.154334276812973,-0.130382421357519,0.0901234321886698,0.0479743230480224,0.0906226181796724,-0.071159773184425,0.109600975405259,-0.0227189824745849,-0.0302665653097154,0.0548985846927886,0.0667203584183626,-0.0175538456579543,0.0437044995058533,-0.0855525696727753,-0.0289960235055793,-0.0874204610729032
"496100361",-0.0404874857219936,-0.111507238543845,-0.130855679264994,-0.15994756881615,0.130907204197059,-0.149681207960389,0.0899619693029961,-0.000535405428601953,0.0895758097998724,0.0161870988590357,0.0227267827168184,-0.0568269333523249,-0.100521966615741,-0.00115609839495023,0.0759393496816752,0.0165683296469449,0.0949651995477512,-0.0614206032086515,0.189057482868847,0.00643704470007744
"496100356",-0.00710654375429199,-0.0501669714623909,-0.0631530171877935,-0.00973886004563853,-0.0915931849517408,-0.164255656434124,0.0555596627865218,0.0622828934767141,0.0885185962143678,-0.0535620511675817,0.0436578379167543,0.200225436794921,-0.0489336375589637,-0.0519246856574605,0.128720459455198,-0.0320449835972524,0.0567301057489295,-0.0362876613056277,0.0928882735292186,0.134105696393684
"496100385",-0.00217439399431396,-0.0853957638473876,-0.0495205755841578,-0.151958494116733,0.195105389690327,-0.137845631203246,0.0797407050000288,0.0523932942056585,0.0801116424574201,0.129277303636751,-0.0659057908994909,-0.0357161644551173,-0.0554388206493446,0.00247229417613381,-0.102878558288206,0.031715873023968,0.0491393765729261,-0.0706541155328249,-0.0309323416000213,-0.00361133511388939
"496100366",0.0407295352991774,-0.103046574201452,-0.0122734374891759,0.0409782011747208,0.0327701331586202,-0.132069741588817,0.063092386884053,0.10949091469958,0.0950419098926406,-0.0995000462326965,0.0800719375216982,-0.0227814684427562,-0.192316462953904,-0.0967417591762477,0.202417585840583,-0.147394934131235,0.0289741988448643,0.114140194508953,0.0452299244799156,0.206291528523069
"496100364",0.0877712490231213,-0.0012090552694402,0.0773831970472629,0.0922061270087763,-0.115953539113579,-0.149931160684601,0.0192003810115291,0.119148159903763,-0.131022418035793,-0.0538547743629137,0.0239259123936573,-0.0599238011493397,-0.113968386381402,-0.0469881601470588,0.015337433772968,-0.104814257672983,-0.0741285817275605,0.0125088355794555,-0.0919212204174348,0.0482472205774763
"488395315",-0.0583843885428847,-0.198902568278981,-0.0848328665878662,-0.151785097579869,0.259621616341884,-0.151392996006828,0.059230786937558,0.0540325841593834,-0.12568147927755,0.18741629577535,0.0207434828629477,-0.00421351020382802,-0.150194362709535,-0.0749800501752443,-0.0647839732979687,-0.00956724138846492,0.0790185376280034,-0.0296020717238115,0.124769699996745,-0.0168086531247898
"496100422",0.0122653552816017,-0.012942232020035,0.0396139157338004,0.000844564229616751,-0.0263620899786673,-0.0404407460013908,-0.0117270586551847,0.0649211319666228,-0.133010026442113,-0.0144306870433769,0.0252149292417054,0.0223865080974389,-0.00793537810074268,-0.0323885854792843,-0.0209397794529819,-0.0121574568246478,-0.0329297588765715,-0.0660088788000721,0.0269384194868053,0.00814472169295142
"496100395",0.0260878199125889,-0.0732413342372438,7.02141590689484e-05,-0.00223564287674172,-0.150284990583623,-0.00942358507273486,0.00187510659341267,0.0516487674831727,-0.124362973748154,-0.0425763902982533,0.051501239923169,-0.016609504595545,-0.132881410728541,-0.0510771988602024,0.0787343218981281,-0.0813448072133128,0.00950837604438368,0.0680250968935465,-0.143613087558814,0.124871635592789
"496100403",0.00482588426367597,0.012784192012229,0.00722037010028129,-0.0070719886902844,0.144716772947546,0.0276162598131026,-0.0285924007120747,0.0218825615826352,0.0925189919359694,-0.0891014835459337,0.0318064121848788,-0.0529630622524803,-0.00522940334020883,0.0571033830876455,0.100045682029636,-0.0189070151148679,0.0062278276455321,-0.0570365081877409,0.180419447504351,0.0661023069751582
"496100405",-0.597607229268163,-0.132242520312355,0.0891091112237294,0.0791356112672661,0.0301646285601529,-0.0674649684368001,-0.047655660001478,0.0407722209883421,0.0744765335069605,0.0813387682266969,-0.0165744028789544,-0.00543868767090053,0.0961496270365246,-0.0420411502348894,-0.0664473230910436,0.679083150498802,0.603415839917925,0.0497530778010325,-0.0482402007560485,0.0687505064546121
"496100419",-0.0797808672307012,-0.136863127988464,-0.172000563476345,-0.210420423028179,-0.0499354304399462,0.0595413159570591,0.00834892737025164,-0.00260370616556373,0.0978519621060941,0.248445144704873,-0.0436483753930266,-0.0588021858757253,-0.0403665087742657,-0.0902909541046673,-0.0961601247743929,0.0860282161009074,0.0501842202982651,0.210860493708783,0.171000068471275,0.0720581400472191
"496100387",0.0573472167275378,0.0843559523235362,0.0326332185958474,0.0415818715509867,-0.0768100355480165,0.0419585908429206,-0.0123376821955024,0.0280604804079547,0.0903742718924293,-0.0371836844496203,-0.012294298549209,-0.0406174763285223,0.0578579059048776,0.0775255082869861,-0.0182438067849934,-0.017306112806469,-0.0531976150050243,-0.136868920024013,-0.0428113966924979,-0.100101092888797
"496100418",0.0408566164076653,0.0406285658196375,0.0711814465653316,0.0452873275340168,0.00333488527220197,-0.0235021647978855,0.000997300057843098,0.0402932914460455,0.0655196924886751,-0.0417485947718948,0.0341091548737038,-0.04943981720335,0.0325967913734332,0.146315542699898,8.92349115459263e-07,-0.0186280518970563,-0.0724487054600279,-0.134633048889261,-0.0218617927275422,-0.0742794506940639
"496100394",-0.00763023845927766,0.0137993464633025,-0.0546639200828983,0.0147684739424695,0.10327677281248,-0.000136682166353498,0.0523381619653107,-0.0127761704236414,0.0865306632061335,-0.130903418964586,0.0888889617512185,0.00164613121408072,0.0301677128033032,0.00164775754623134,0.174971523342586,-0.0252764442041242,0.0107347971750463,-0.104969424764489,0.0268503110076238,-0.042298485917527
"496100410",-0.0856898938126939,-0.0269767731515102,-0.0971435107095101,-0.188543919665991,0.107377393448459,0.00643854131224371,-0.0410716006119614,-0.037751509246254,-0.122486262452385,0.288484558815694,-0.0517928958246791,-0.0165412189555304,0.0858817671704005,-0.0333490952937956,-0.224979363979858,0.112966916172891,0.00761546078554901,-0.00793104724417076,-0.0188853990029452,0.00068568152465991
"496100414",0.116843009486505,0.134224846572841,0.103027597941964,0.174758706209065,-0.049407246962613,0.0379649723218614,-0.0218658989833532,0.107295773635663,-0.123713306714884,-0.130264878837007,0.0602476584630285,-0.0871492646707363,0.0422168355652216,-0.0196615576108028,0.14464275970968,-0.129430254308136,-0.103449558815127,-0.0200089634723662,-0.105414650536052,0.103136364645004
"496100429",0.0596924513055974,-0.042269438728239,0.154348795398014,-0.0105839888015791,0.0303631307113713,0.0426827371432624,0.00528095735275918,0.0914182629264208,0.07873577404109,0.121880527553242,-0.128018476450352,-0.0884723204515337,-0.0832196143762898,-0.064580443377154,-0.230076777089707,-0.0067478287239345,-0.0758824963065955,-0.0717931715324774,-0.109477403035333,-0.12903787514741
"496100428",0.0829956104243218,0.0593027228394381,0.111377335137453,0.0537533596756107,-0.123653469814997,0.08250308385427,0.0652863503803534,0.08111100505695,0.0919544128623383,-0.0533123581779952,-0.0349983803839578,-0.0377415354671496,-0.0340494040354817,0.284952183803382,0.0884880735415493,-0.0766237592149504,-0.0163015721712427,0.0127465439800492,-0.104310294112234,-0.0855377170327836
"496100435",0.0588378240850651,0.00278956501898091,0.0817700251329638,0.011226886830258,-0.261989105317142,0.0536568550017164,0.0287335207470667,0.0718264947388405,-0.12567297188445,0.0335045602380704,0.0484347651311201,-0.0671024456920364,-0.0550364084386897,-0.0157124482664238,-0.084985559619253,-0.0579046356638717,-0.11329141398758,-0.101219917107454,-0.0126512152886129,-0.025289798211839
"496100448",-0.468409222885191,-0.427761048479203,-0.483558528460073,0.0447566733723493,0.0574469832297547,0.002446711616732,-0.011673677463677,-0.0663147231194611,-0.122672694772483,-0.0847636275121227,0.087614963562996,0.0187726464306898,-0.0716342011923946,-0.119287439178445,0.0771536811917502,0.0415959290739586,0.29094661503857,0.043508024551208,0.310981322828806,-0.027997034845808
"496100425",0.0898606896585022,0.0074364977743999,0.152206048826639,0.117765696673078,-0.154745630261202,0.0652002075023639,-0.0164863000744998,0.154606988247114,0.0759129198496272,0.0422531576461239,-0.0879310467120403,-0.0233930874033769,-0.0949150015934347,0.128632510431988,0.00423363409722516,-0.0814771254688552,-0.0398075885463798,0.179029646411504,-0.084318010725161,-0.0563845145509582
"496100446",0.0936407608323038,0.0270033929777702,0.0263308971938552,0.19900629622862,-0.100505967548037,0.100130122319854,0.00207583847307186,0.117416319676255,0.090147251947159,-0.0801704396174663,0.160725205042966,0.191860595493802,-0.074787935843616,-0.0127477356630763,0.124423996410366,-0.117180643777238,-0.0328946640282876,0.0161398621236394,-0.0964226722250414,-0.0164621427933112
"496100451",0.141662778149903,0.0444156764698153,0.210881726278523,0.116420948817925,-0.053114028728086,0.0823784541467028,0.0253909602747154,0.167204284258278,-0.121506141642884,0.0289074811571613,-0.0258285107803361,-0.0621706596621664,-0.132742062384538,-0.0375251712255838,0.023747354897554,-0.163252901507777,-0.020489059477485,-0.0279572254499954,-0.0710805921125094,-0.20735548330026
"496100432",0.0285524268896517,-0.0166900241833594,0.0350254251303255,0.0579685611781167,0.0319731938236347,0.0717560444600263,-0.00741352024188925,0.0530595390269446,-0.122961606150213,-0.0501479037828203,-0.0654986671705107,0.0883745220794786,-0.0531345257292444,0.0562271640641892,0.0362540357016493,-0.0553308799116802,-0.0217842769593425,0.0122453428112187,0.0339975733044852,-0.107458815915254
"496100469",0.0417941233765783,0.0504880968664293,0.0557630248943729,-0.0572837653534214,0.09788181633875,-0.044258643637114,0.0388102069741899,0.000260208690315508,0.0906156739974337,0.0506347537450647,-0.0633000114599827,-0.0991724746282224,0.0573539616758976,-0.0889735275388334,-0.163046334198514,0.0435365509544883,-0.0361577910142166,-0.0535473885460564,-0.100601407155837,-0.028960833958898
"496100492",-0.0862488426258475,-0.0900329406712418,-0.0529931936535413,-0.14869523730378,-0.199936843360851,-0.105480297301568,0.040027320721148,-0.062991770802516,0.0759788659848163,0.116588715223808,-0.0772737765062446,-0.0875801500872561,-0.0105121188092139,-0.00259787421890872,-0.0672748189643695,0.0256308639880719,0.0483340891257636,-0.0745628383062926,0.115862532645415,-0.0813930412218838
"496100460",-0.0512953846917188,-0.010407171833769,-0.0894847856325111,-0.101599259272104,-0.150168438563851,-0.0235341994594035,0.0837417697213548,-0.0341652479359479,-0.115695827201049,0.0661222109540162,-0.00851207260024131,-0.0464367973440538,0.0240178705053797,0.309933694040038,-0.0421170444526246,0.0869684974835932,0.105352819185763,0.160720724316401,0.100297252018219,0.0912542278359633
"496100456",-0.059945316871688,-0.00524271277048982,-0.0515935065573395,-0.091866360336791,-0.0798128556396814,0.0025469065938246,0.0154772551956744,-0.0827058278540884,-0.119363936825916,0.0140222336651285,-0.073529236246386,-0.0268997553734754,0.0720871269906203,-0.0419620634944517,-0.0470257300380716,0.0605208900659766,2.49524118644019e-05,-0.0148863804758686,-0.0401009476355271,0.0644783435214364
"496100476",0.0207288629174042,0.0125619304134183,0.0137504450464288,0.000706404242753592,0.131920761766046,-0.0548128674052462,0.0688732844523624,-0.0360117132781538,0.0923839757630241,-0.122001039880688,-0.0374371773561916,-0.0564943163962301,-0.0351402174860325,-0.0102263539806564,0.154335202561338,-0.0908002582208958,-0.00885215445298925,-0.124919202238301,-0.0563254654629071,-0.136051191261121
"496100493",0.0227287953921444,0.0723686430283948,-0.0383446242797625,-0.023892106408428,0.0399296235892157,0.00133569880108786,0.0595151362426178,-0.0637150614521138,0.0777117671771494,-0.0775654354602707,-0.0241395312746284,-0.0129700288777261,0.0788107549115769,0.00812507827707137,0.0426143591828747,0.00465129676253657,-0.0408600611910201,-0.0785045753903923,-0.0687164504684021,0.0423353296593258
"496100457",-0.033720239719852,-0.00320462540801819,-0.0365707589706409,0.0184318898284623,0.09840610129024,-0.0386939667502152,0.032539181706802,-0.121506730769552,-0.122502619559061,-0.118490098193486,0.215913979423173,0.0724721741789657,0.0526247831737856,-0.0553077881723632,0.0369290126050913,0.0135329552803425,0.13079405435807,0.0998989686164052,-0.0767379982047451,0.0164986912741959
"496100475",0.00229349565940914,-0.069016505606367,-0.0181300633037089,-0.0437879117411618,-0.0350091995228806,0.000205214789988615,0.0416965597074124,-0.0121426185215049,-0.127308527339478,0.00887224882968153,-0.0620735967956248,-0.0582505120745975,-0.0649843629517573,-0.0143457205753572,-0.00285146716508778,-0.0361145695777136,-0.0288122596030441,0.019997345104862,0.0792423589404451,0.0708512253233688
"496100473",-0.0806395640274058,-0.0144825680597162,-0.089144553535846,-0.0301310918411512,0.0427751004080558,0.00252789130724322,0.0705254307224327,-0.154329797169777,-0.1213231513855,-0.162783511206012,0.125288872635516,-0.0024978065394443,0.0671357768044772,0.0311189558503451,0.155558000070114,0.00306560597093073,0.0971898917967689,0.102360176366333,0.0347036970206773,0.1725457268515
"496100488",0.0257943160145515,0.000835554367292419,-0.00783306066405794,-0.0470564869757454,0.103962084421076,0.0384850332263104,0.0269406094194004,-0.024862002262494,-0.125225066591389,0.0163534723410298,0.0102848662161447,-0.0551653335332562,-0.00939677526193008,-0.0148897615861134,-0.0396540612216748,0.0254955360904852,-0.00158261187663155,-0.103019720305004,-0.0451903833696319,-0.0756053204956657
"496100502",-0.0532331794824295,0.024384874001199,-0.0439063745889,-0.113869521782506,-0.0161209567586976,0.0590336887874333,0.0400730686860627,-0.0355512282796537,0.081506736443762,0.0940162178330025,-0.0377849561753122,0.00516401895582401,0.122444024712842,-0.0740877708914265,-0.0152604361843532,0.163587554652879,0.0494965707203623,0.195400996804375,0.264377126302886,0.12195042553984
"496100533",0.031931896588404,0.144520565943852,-0.0364940421348988,-0.0149329297409616,-0.14288680173247,0.110895543228882,0.0448110776173619,-0.047669903098745,0.0788843961901072,-0.0363355503712164,-0.0217355268127519,-0.0785749813890301,0.126539083173053,0.0359910200233608,0.00442334205950887,0.00923710796292776,-0.058881346859524,-0.151726389317665,-0.00697204667262352,-0.106265140448053
"496100505",0.0796061729217817,0.119629338174472,0.125673609914588,-0.0285554508737196,0.0454633851501131,-0.0889614308829165,-0.014832363770613,0.0857699537436415,0.0751808759246913,0.428148507868142,-0.214704521547463,-0.0730975511037221,0.0645925202938617,0.229497864619819,-0.221811651460446,-0.0113570066956916,-0.113012135332985,-0.115174703984038,-0.155324695643502,-0.193772009686166
"496100526",0.0166081934254629,0.0427031592447584,-0.0061822977503047,0.0116117018319052,-0.0381960470713669,-0.0469975616684275,0.0165121511145054,0.00387266234754725,0.0867974894363523,-0.0324741296787919,-0.0149855371851818,-0.0605290392728313,0.0587975073590954,-0.0628049147121026,-0.00199085705463074,0.00164289436480531,-0.0458404508293568,-0.0665962815051001,0.166978321317726,0.0621400688066839
"496100525",-0.0141955196679403,0.0212031685013516,-0.0433455371894041,0.0355863959782417,-0.118438841712328,-0.0226227140535859,0.0333942312331196,0.0132494389667566,0.0831938437345342,-0.088747713321109,-0.0226750428612006,0.0453614663659369,0.0466697826332159,-0.00912576595169965,0.0994268575537524,0.00296483713722722,-0.00199124791702608,0.105701366900187,0.163793881198,0.0811379593151788
"496100513",0.0192204110037665,0.0903790599869922,-0.0494321242629813,0.00300201868923391,-0.155737455021416,-0.097246184521551,0.0511136720216686,-0.0198439347844592,0.0810753572065793,-0.0960766022573037,0.0489512366911951,-0.0180432431133515,0.0973175893367054,-0.0116680685561739,0.063856393091057,0.000715913447584277,-0.0173956893295042,0.0309561205366212,-0.113851634136364,0.0957015831052228
"496100517",-0.00183520888966018,-0.0260561901383853,0.034089566818754,0.00461607504106005,0.166366975552303,-0.0918467586108656,0.0167426906569514,0.032907850463012,0.0769179156316531,0.0639024121894996,-0.0627969989965675,-0.010505005580553,-0.0321064265966441,0.267233600793063,-0.0658712582890093,0.033297281219214,-0.00898486597705369,0.0140976797012648,0.140035788959024,0.0474139152564794
"496100504",-0.0674877274459104,0.00704633741511594,-0.0303694405744679,-0.0421172530159887,-0.23528667680359,-0.0674488473177115,0.0168694106164751,-0.0315344279680091,-0.120836741455086,-0.0326994655107844,-0.0426977409285016,-0.00641224739069456,0.0245481217472946,0.00920595423813009,0.0884059517174373,0.03054577535777,0.143029031340327,0.0070392950983898,-0.0338460205927082,-0.0201849475692545
"496100511",-0.100304025959435,-0.0618683619466476,-0.132066522479359,-0.022645809681706,-0.041798632937796,0.056683725160744,0.0244401787108545,-0.0204355219774219,-0.12004142066271,0.0290269412697397,-0.00550020997946223,0.211387674851748,0.0669898548794992,-0.0564922994799395,-0.0243866276629601,0.115266534314624,0.16753201562044,0.0628456523434661,-0.0647736371382317,0.0734064560230092
"496100540",0.0214419962365748,-0.045199069849184,0.0435286159592322,0.0682332646663783,0.0181747180066864,0.0641982725284691,0.000599079782576357,0.0691539317377677,-0.121958049894601,-0.00742651591836124,0.0357537277198731,-0.0317209458580038,-0.0405004247699391,-0.073989187644515,-0.0425844833340185,0.0114099628346702,0.0195678341794965,0.0235022070107491,0.187803732421217,0.0750385723821545
"496100564",0.0861160819585525,0.0628586933161263,0.136887841433589,0.056466718187358,0.153173993151897,-0.0393760444186629,0.0360945847939734,0.0871450401685486,-0.120995970713156,0.0320903078414077,-0.0679718598672959,-0.106120418145512,-0.0507392199613602,-0.0445748020522188,-0.0416331359144267,-0.0820991330557203,-0.0848101969623955,-0.198194308146944,-0.0648669412872599,-0.25101924892241
"496100553",-0.0118662939816884,0.0350839941778272,-0.0294732055123332,-0.105264464291674,0.0997051003513897,0.0840305961839051,0.0368490042203742,-0.0110554632004644,-0.114073998400621,0.026436135310039,-0.12741122821903,-0.05817934777985,0.103625071103391,-0.104718674910772,-0.14011221459504,0.153973584772107,0.0331108265792439,-0.0885676837795006,0.0235634325620706,-0.0708585670233512
"496100546",0.00615275506461694,-0.016216785494471,0.0125757129174959,-0.00104654336310277,-0.101587062697884,-0.00192299988431475,0.0225411030579955,0.0432480149314615,-0.127013956591911,0.0400657865350498,-0.0256503866598969,0.139502067203092,-0.0539761599647909,-0.0442832875245137,0.0102131582033627,-0.00757065634726285,0.0350698174703338,0.161031714060768,-0.0828952905229246,-0.0243129486652932
"496100556",0.182522060247922,0.0493766316035557,0.248546371508524,0.178011128926819,-0.0792512120772099,-0.0839880000390213,-0.0104910120235895,0.229171480243319,0.0887245826293288,0.156079660477952,-0.0140580799870996,-0.0317139599452565,-0.132511149955395,-0.0677650085306032,-0.112583673796825,-0.152280580443993,-0.0907017749335992,-0.112253035138022,-0.0501500753081291,-0.0951163106971136
"496100550",0.0814436920526844,0.0953930250968626,0.111334631325967,0.109597476159446,-0.104865348626872,-0.0234787610649046,0.0652312558605981,0.0690445859308,0.0776048875374842,-0.112975582409487,0.0900667050869606,-0.0382869370494715,0.00472106778628317,-0.0312629998285481,0.112798034305236,-0.0944705726621732,-0.0710275799621736,0.128088063261841,-0.0723018158065508,-0.0395254641631898
"496100555",-0.00846977813551382,0.0423084217646334,0.0527881954194282,-0.000208680549108547,-0.0692851955408942,0.115094509253677,0.0451133999098957,-0.0401433718840843,0.0899642111324346,-0.0547025114721082,-0.00625459173774291,0.114299408197717,0.00142721218588445,0.0443568469499653,0.011225965068738,-0.0333874511725596,0.100783182303142,-0.0962545198786725,-0.129429774537605,-0.145420831759308
"496100557",0.0567387626866831,0.0375898171362801,0.087496158096617,0.0856817747387308,0.0203955239592599,0.0349760298922735,0.00908469890440115,0.0589682830984449,0.0847660033604088,-0.0925394244039054,-0.0131906569273361,-0.0185786898122573,-0.0193652968947686,-0.0415117193146915,0.0437002075509009,-0.0446434891615317,-0.0207056007853755,-0.0718515159288329,-0.0493587287871841,-0.047947262737487
"496100569",0.0438999265241046,0.154652515082576,0.00137804549023577,-0.0163252427014306,0.0634054404653334,0.0777782267735362,0.0377133034855401,-0.0287853332522647,0.0836343823780236,-0.048019945398953,-0.0802982577522977,-0.0567624190439537,0.148200270455053,-0.0283803364917558,-0.0143771765871569,0.028805896237262,-0.092561922228594,-0.14605916251302,-0.0354015873700269,-0.105118237539714
"496100602",-0.000181292852025326,0.117186685058226,0.00206888930507429,0.0115379104836752,0.0458310712345755,0.161462318284979,-0.00844187017452218,-0.251066580822832,0.0690763811113331,0.0357067010418006,-0.0355837828411116,-0.0446036027969911,0.138445517872226,-0.0636584572655081,-0.077614870953029,0.10053236791874,-0.0598545006984309,0.0545896603828518,0.0376170150839417,-0.045462661260458
"496100593",-0.0328017139675589,0.0981726778971734,-0.121053168972699,-0.0997232962399238,0.123276112890557,0.135392588783099,0.0172533326090614,-0.307678578845881,-0.126209726299818,0.0100481391144514,-0.0355785613113917,-0.0523438329011115,0.162927822757493,-0.0121008952426559,-0.0793013817195728,0.0984497816011338,-0.0746794663979283,-0.0300308694589968,-0.0737102240750241,-0.0350716675088324
"496100599",-0.038851695555651,0.0857673708330579,-0.0629021172854741,-0.095812522374956,0.0384431689549935,0.109616639374825,0.000124977089625748,-0.245940765643535,-0.12256028895589,0.0301663699084921,0.0262319651801149,-0.0555720054879719,0.177113295489379,-0.114429446812295,-0.120603169084852,0.128040235440468,-0.053352052516301,-0.0435857229007883,0.0918678871468001,0.012904260002357
"496100588",-0.0458956412724014,0.0541728554140597,-0.133172138191517,-0.0982884049941271,0.0879239032773485,-0.011506303127527,0.0361945082595091,-0.312326521461682,-0.125696181782657,-0.0480526524148173,-0.117478974512196,-0.0537757732341883,0.130131787047551,-0.0652900810778018,0.0119624613183507,0.0523389064410042,-0.0283831389131563,-0.106622991038113,0.0374190718443576,-0.016900302891082
"496100601",0.00120412670937031,-0.0634613567836108,0.0140020684351944,-0.00455186912346118,-0.0966320063875225,-0.175830089599622,-0.00461133383527076,-0.126248353080482,-0.126384979308689,0.0963402024842326,0.0502278886361407,-0.0704435515643643,-0.0330860679268183,-0.0948824716267951,-0.141515080314688,0.0209634187593863,0.00122469427708167,-0.0267790600093661,0.113127814295695,0.0362751032908687
"496100591",0.012382231799592,0.0725070353863603,-0.0559245521601785,0.0299024461666284,-0.0103278225321346,-0.0718939474494592,-0.0145985797401903,-0.207114236518409,-0.122320252180606,-0.0530091400266123,0.0775051742895254,0.281073059104406,0.0985046851683916,0.0525726377367823,0.0420155419983587,0.0272681645450649,-0.0288901360351033,-0.0240063668145815,0.00164474980043507,0.0962873725647472
"496100581",0.013541581103837,0.119468552205019,0.0267329026147878,0.0632787621418995,-0.0157671436597198,0.0326547062914864,-0.0247581885716506,-0.233532299590962,0.0787510417117093,-0.0720676608299127,-0.0766486612470404,-0.0696538217055025,0.118110680385223,-0.0788694212176261,0.0134899260976953,0.0607407211646933,-0.0586429994724589,0.156493127157838,0.0572831202536077,0.00906688368483584
"496100594",-0.113606181302113,0.00685681247395668,-0.135867177518148,0.0208900244730156,-0.0348100676386983,-0.111672327113421,-0.00494541519814797,-0.264426162411138,0.0645190662989051,-0.104826410006643,-0.0809516887281033,-0.0288931586760931,0.114029371363089,-0.180283832244618,0.085287315627167,0.0336789789219667,-0.0996402854153416,0.21819018269824,0.0950362937228318,0.0862040603120988
"496100607",0.0768164494615419,0.154907869578945,0.125734455550175,0.0982800344993821,0.212611468893917,0.0682281837792805,-0.252383386378865,0.0711768960420083,0.0784872255953519,-0.0613098015738616,-0.0464723875234136,-0.0902453637103394,0.175117833669283,-0.0129348916905746,-0.0590867240375897,0.0124902955884309,-0.148467724216078,-0.104951107781311,-0.13063778525409,-0.105024635473095
"496100609",-0.0423808816077421,0.0257807992742191,-0.0590251293653718,0.0126703633616589,-0.0404409499027355,0.146462887476179,-0.325767898812175,0.0297362055593139,0.0765392484052889,-0.0703164612348475,0.0596417665369562,0.0670979108290867,0.091440134906675,-0.0312689388688312,0.0950487905160284,0.0488164443754355,0.0233633941647872,0.236792789712976,-0.0171805204421333,0.259179518125318
"496100633",-0.0462232313681529,0.0687432356408699,-0.0772314535485282,-0.0218299156661578,-0.0636206737929815,0.128618080593186,-0.288751435826778,0.0123170829711649,0.0726766342757512,0.00421815197995261,-0.00865624444265089,-0.0489171454588693,0.15719470020725,0.128056081342545,0.070454304480795,0.0438499291977458,-0.0389452741051436,0.154876771028825,0.0529041573887804,-0.16770381066498
"496100610",0.0582542053038627,0.178488663809803,0.0689086861920903,0.051260172043962,0.131745174071084,0.108102209304612,-0.222243992665505,0.0197656251912231,0.0844498975146721,-0.126982846100599,-0.150927153641361,-0.0856658783313083,0.156962790518312,0.0760568430693243,0.0957048616646287,-0.0751354537985333,-0.109096515822737,-0.121194415198556,-0.101598577570675,-0.108589632071773
"496100627",0.0325006070021712,0.131183937138121,0.0382662775146679,0.0305417974068278,0.0171766978500636,0.122211716114916,-0.245442707667169,0.0382167878830978,0.0729436635769191,-0.0652766283383821,-0.0358942864749149,-0.0398621778485698,0.12479482617647,0.145284812188259,0.0542827113492048,-0.0174855841915898,-0.0756598008563808,-0.0990860630566319,-0.0700552173481435,-0.0330026526604792
"496100621",0.0411289541616915,0.0200325246516695,0.137352293195897,-0.000280939988632827,-0.0262154825585118,0.113020318650765,-0.281510027465448,0.112631536733214,0.0784127236266444,0.199797652889466,-0.180855594489879,-0.0907458304887643,0.0235207989768449,-0.0112769770227627,-0.197107074045817,-0.0138951876184752,-0.0988902540206628,-0.1148163994954,-0.0483459505973602,-0.167208242587664
"496100613",-0.0618333993250112,0.0384833594887393,-0.0530601633246842,0.0208372872098176,0.132285882760141,0.111973868924153,-0.242058420829264,-0.0428770067374676,0.0967955757363488,-0.135958656606633,0.0897636351890422,-0.0462591964704408,0.117989682178148,-0.0270047885642656,0.155946796456997,-0.0123557086942691,0.00157132604519468,0.0144748290746829,0.0996152671605543,0.0834052355645857
"496100605",0.0934628950369377,0.192735554217753,0.0571510153601512,0.360584816657988,-0.00388481395388316,0.114772823510437,-0.328359615065427,0.0790979973673434,0.0728773979124026,-0.180221973942408,0.285203244294722,0.00161604455975743,0.135556300975497,0.0866007249330649,0.179702550535672,-0.0858763630078502,-0.116097041020863,-0.0656217218899018,-0.0971549741114091,0.0652063577219147
"496100617",-0.0812716621798371,-0.0934598437091543,-0.10824029681225,-0.0639774240460751,0.149103345502794,0.21492995245226,-0.240717944641035,0.0239273329227217,-0.11578365028764,-0.00146784075744907,0.0186369268959654,-0.0680255745208737,0.0197012159203889,-0.137069318592095,-0.0238707170944011,0.0561725539853686,0.00323237069666661,-0.0637755939081976,0.20268864470817,0.0217180302387627
"496100639",0.0801414008948868,0.18763010272208,0.150812164969894,0.32839619421756,-0.0578968780593038,0.0946357894901241,-0.372782947116588,0.111687372136684,-0.12541242088537,-0.114961763743134,-0.0449810419901541,0.0250351458309175,0.142248546609823,-0.0805481847313842,0.0775635256194537,-0.0608509573258992,-0.145668925382468,0.143201364429939,-0.140074845355413,-0.0810562047457425
"496100667",0.050628092511069,0.0447570083014696,0.0128538484218897,-0.0245923585046185,-0.0408716820951566,0.00310697155963092,0.109601010273575,-0.0470090681562158,-0.126732216282579,-0.0756896944046527,-0.0668005953378305,-0.0524004228989044,-0.0481538453529411,0.0474317799175609,0.0914587732669858,-0.0692743846138354,-0.00841536842080716,-0.0729949907377371,0.0287065811653475,-0.0596924092523509
"496100647",0.052592319121175,0.00298231310286814,0.000231491871920708,0.05211352885466,-0.157712706847835,0.00982597299710429,0.0424733753333544,-0.00120988971639372,-0.12474316198409,0.0271350409428886,-0.0301226708433325,0.134504754961543,-0.10128832631884,0.217314440600894,0.0114255486158926,-0.0512390648515088,0.00331873686329886,0.0362074762279194,-0.0992022238982784,0.0261477046959141
"496100663",0.0910502981230603,0.0200700509397587,0.109608994822222,0.163677514771709,0.0338782128976211,0.00923280013951253,0.0443443639639764,0.0131101951339085,0.0900592626063066,-0.133699450968798,-0.0687826704511721,-0.0542658680631146,-0.125487574671781,-0.00663981624462949,0.123513959707011,-0.126100509856714,-0.047195048010044,-0.0587310413542915,-0.0186896781563568,-0.0419427691998517
"496100670",0.0289545937545753,0.0662272074579058,0.042780052936368,0.0143502259914285,-0.0353824559535505,-0.030054065949807,0.0294573093144725,-0.0420353397967165,-0.120764938319284,-0.0490212150703826,-0.0246817279856771,0.0418226261964792,0.0573324889213058,-0.019889372582494,0.0155034365707317,0.0121707032270556,-0.0740002404783155,0.0687363008972515,-0.0484226593781469,-0.0350863784613601
"496100643",-0.0780427558166977,-0.168587197536116,-0.129311233027046,-0.0460012273341211,0.13256808165152,0.0618912804919529,0.0904252542523913,-0.0973158934440465,-0.119249913877108,-0.0517932919612108,0.129591456674097,0.137422396709049,-0.162694346589123,-0.0518178580607164,0.160522324674972,-0.0127091302561582,0.165027558804344,0.179189394931965,0.0916749897839865,0.295673770075449
"496100650",0.0151180991592369,-0.0714328771193622,0.0488439581716282,-0.0397880440638296,-0.0564143983149009,0.0256259658458698,0.0396291216771251,-0.0374326848746141,-0.120520841800644,0.127797093181585,-0.0395089062387991,-0.0822334546133517,-0.102823144379378,-0.0691783493845343,-0.166282228227965,0.0204666810717445,-0.0308306173422005,0.0738862840297101,-0.0201712753661435,0.157342828210233
"496100646",0.0407019899168327,0.071538798949389,0.0698375535479644,0.052946055170563,0.126316304758874,-0.0103986510774803,-0.0206764557601157,-0.00297729255017744,-0.12651307280003,0.0151137292985235,-0.0515095778074047,0.198180922786887,0.131290627006646,-0.102372510281211,-0.138468796531508,0.121277297182401,0.0288956430274094,0.0114164164232072,-0.0796282683505686,0.0290687355502131
